{
  "model": "gpt-5.1-2025-11-13",
  "total_samples": 407,
  "valid_samples": 407,
  "accuracy": 0.7985257985257985,
  "precision": 0.815119757320827,
  "recall": 0.7985257985257985,
  "f1_score": 0.8018963923725828,
  "invalid_prediction_rate": 0.0,
  "confusion_matrix": [
    [
      0.7816091954022989,
      0.21839080459770116
    ],
    [
      0.17123287671232876,
      0.8287671232876712
    ]
  ]
}