{
  "model": "gpt-5-nano",
  "total_samples": 420,
  "valid_incivility_samples": 419,
  "valid_intolerance_samples": 419,
  "avg_accuracy": 0.6825775656324582,
  "avg_f1": 0.6865393991855043,
  "avg_invalid_prediction_rate": 0.002380952380952381,
  "incivility": {
    "accuracy": 0.639618138424821,
    "precision": 0.6763586687073981,
    "recall": 0.639618138424821,
    "f1_score": 0.6444158615370459,
    "invalid_prediction_rate": 0.002380952380952381,
    "confusion_matrix": [
      [
        0.5907335907335908,
        0.4092664092664093
      ],
      [
        0.28125,
        0.71875
      ]
    ]
  },
  "intolerance": {
    "accuracy": 0.7255369928400954,
    "precision": 0.733647467716907,
    "recall": 0.7255369928400954,
    "f1_score": 0.7286629368339628,
    "invalid_prediction_rate": 0.002380952380952381,
    "confusion_matrix": [
      [
        0.7661870503597122,
        0.23381294964028776
      ],
      [
        0.3546099290780142,
        0.6453900709219859
      ]
    ]
  }
}