{
  "model": "gpt-5-nano",
  "total_samples": 420,
  "valid_samples": 420,
  "accuracy": 0.7666666666666667,
  "precision": 0.7617427923550373,
  "recall": 0.7666666666666667,
  "f1_score": 0.761486278137527,
  "invalid_prediction_rate": 0.0,
  "confusion_matrix": [
    [
      0.8629629629629629,
      0.13703703703703704
    ],
    [
      0.4066666666666667,
      0.5933333333333334
    ]
  ]
}