{
  "label_hateful": {
    "train": 0.3601637107776262,
    "val": 0.3588516746411483,
    "test": 0.35714285714285715,
    "avg_drift_from_train": 0.002166444885623481
  },
  "label_incivility": {
    "train": 0.3840381991814461,
    "val": 0.37799043062200954,
    "test": 0.38095238095238093,
    "avg_drift_from_train": 0.004566793394250868
  },
  "label_intolerance": {
    "train": 0.33083219645293316,
    "val": 0.3349282296650718,
    "test": 0.3357142857142857,
    "avg_drift_from_train": 0.004489061236745584
  }
}