{
  "label_hateful": {
    "train": 0.3635743519781719,
    "val": 0.3588516746411483,
    "test": 0.3547619047619048,
    "avg_drift_from_train": 0.00676756227664535
  },
  "label_incivility": {
    "train": 0.4965893587994543,
    "val": 0.4880382775119617,
    "test": 0.5023809523809524,
    "avg_drift_from_train": 0.0071713374344953285
  },
  "label_intolerance": {
    "train": 0.6664392905866303,
    "val": 0.6650717703349283,
    "test": 0.6785714285714286,
    "avg_drift_from_train": 0.006749829118250172
  }
}