{
  "model": "unsloth/Qwen2.5-VL-7B-Instruct-unsloth-bnb-4bit",
  "task": "base",
  "total_samples": 407,
  "avg_accuracy": 0.8149058149058149,
  "avg_f1": 0.8099725463846889,
  "avg_invalid_prediction_rate": 0.0,
  "incivility": {
    "valid_samples": 407,
    "accuracy": 0.8181818181818182,
    "precision": 0.8179247405122273,
    "recall": 0.8181818181818182,
    "f1_score": 0.8170565487511094,
    "invalid_prediction_rate": 0.0,
    "confusion_matrix": [
      [
        0.8706896551724138,
        0.12931034482758622
      ],
      [
        0.25142857142857145,
        0.7485714285714286
      ]
    ]
  },
  "intolerance": {
    "valid_samples": 407,
    "accuracy": 0.8108108108108109,
    "precision": 0.8111246546528935,
    "recall": 0.8108108108108109,
    "f1_score": 0.8049340155612111,
    "invalid_prediction_rate": 0.0,
    "confusion_matrix": [
      [
        0.9140625,
        0.0859375
      ],
      [
        0.36423841059602646,
        0.6357615894039735
      ]
    ]
  },
  "hateful": {
    "valid_samples": 407,
    "accuracy": 0.8157248157248157,
    "precision": 0.8178114308020851,
    "recall": 0.8157248157248157,
    "f1_score": 0.8079270748417459,
    "invalid_prediction_rate": 0.0,
    "confusion_matrix": [
      [
        0.9310344827586207,
        0.06896551724137931
      ],
      [
        0.3904109589041096,
        0.6095890410958904
      ]
    ]
  }
}