{
  "model": "unsloth/Qwen2.5-VL-7B-Instruct-unsloth-bnb-4bit",
  "task": "base",
  "total_samples": 407,
  "avg_accuracy": 0.7641277641277642,
  "avg_f1": 0.7484984017310504,
  "avg_invalid_prediction_rate": 0.0,
  "incivility": {
    "valid_samples": 407,
    "accuracy": 0.7665847665847666,
    "precision": 0.784133701773364,
    "recall": 0.7665847665847666,
    "f1_score": 0.755511292535514,
    "invalid_prediction_rate": 0.0,
    "confusion_matrix": [
      [
        0.9267241379310345,
        0.07327586206896551
      ],
      [
        0.44571428571428573,
        0.5542857142857143
      ]
    ]
  },
  "intolerance": {
    "valid_samples": 407,
    "accuracy": 0.7616707616707616,
    "precision": 0.774066344499781,
    "recall": 0.7616707616707616,
    "f1_score": 0.7414855109265869,
    "invalid_prediction_rate": 0.0,
    "confusion_matrix": [
      [
        0.94140625,
        0.05859375
      ],
      [
        0.543046357615894,
        0.45695364238410596
      ]
    ]
  }
}