{
  "model": "unsloth/llava-v1.6-mistral-7b-hf-bnb-4bit",
  "task": "zero-shot",
  "total_samples": 407,
  "avg_accuracy": 0.5528255528255528,
  "avg_f1": 0.533481752608653,
  "avg_invalid_prediction_rate": 0.0,
  "incivility": {
    "valid_samples": 407,
    "accuracy": 0.6142506142506142,
    "precision": 0.6771959102692591,
    "recall": 0.6142506142506142,
    "f1_score": 0.6037794221628127,
    "invalid_prediction_rate": 0.0,
    "confusion_matrix": [
      [
        0.44396551724137934,
        0.5560344827586207
      ],
      [
        0.16,
        0.84
      ]
    ]
  },
  "intolerance": {
    "valid_samples": 407,
    "accuracy": 0.4914004914004914,
    "precision": 0.6289183552341447,
    "recall": 0.4914004914004914,
    "f1_score": 0.46318408305449343,
    "invalid_prediction_rate": 0.0,
    "confusion_matrix": [
      [
        0.28125,
        0.71875
      ],
      [
        0.152317880794702,
        0.847682119205298
      ]
    ]
  }
}