{
  "model": "unsloth/Qwen2.5-VL-7B-Instruct-unsloth-bnb-4bit",
  "task": "transfer",
  "total_samples": 407,
  "avg_accuracy": 0.7371007371007371,
  "avg_f1": 0.7380517048390692,
  "avg_invalid_prediction_rate": 0.0,
  "incivility": {
    "valid_samples": 407,
    "accuracy": 0.6977886977886978,
    "precision": 0.7241219580939552,
    "recall": 0.6977886977886978,
    "f1_score": 0.69798938747594,
    "invalid_prediction_rate": 0.0,
    "confusion_matrix": [
      [
        0.6163793103448276,
        0.38362068965517243
      ],
      [
        0.19428571428571428,
        0.8057142857142857
      ]
    ]
  },
  "intolerance": {
    "valid_samples": 407,
    "accuracy": 0.7764127764127764,
    "precision": 0.7814140822270903,
    "recall": 0.7764127764127764,
    "f1_score": 0.7781140222021985,
    "invalid_prediction_rate": 0.0,
    "confusion_matrix": [
      [
        0.796875,
        0.203125
      ],
      [
        0.2582781456953642,
        0.7417218543046358
      ]
    ]
  }
}