{
  "model": "unsloth/Qwen2.5-VL-7B-Instruct-unsloth-bnb-4bit",
  "task": "zero-shot",
  "total_samples": 407,
  "avg_accuracy": 0.5675675675675675,
  "avg_f1": 0.5360111290357372,
  "avg_invalid_prediction_rate": 0.0,
  "incivility": {
    "valid_samples": 407,
    "accuracy": 0.5577395577395577,
    "precision": 0.7085336830143952,
    "recall": 0.5577395577395577,
    "f1_score": 0.5090870191760093,
    "invalid_prediction_rate": 0.0,
    "confusion_matrix": [
      [
        0.2629310344827586,
        0.7370689655172413
      ],
      [
        0.05142857142857143,
        0.9485714285714286
      ]
    ]
  },
  "intolerance": {
    "valid_samples": 407,
    "accuracy": 0.5773955773955773,
    "precision": 0.7226668887685836,
    "recall": 0.5773955773955773,
    "f1_score": 0.5629352388954652,
    "invalid_prediction_rate": 0.0,
    "confusion_matrix": [
      [
        0.3828125,
        0.6171875
      ],
      [
        0.09271523178807947,
        0.9072847682119205
      ]
    ]
  }
}