{
  "model": "unsloth/Qwen2.5-VL-7B-Instruct-unsloth-bnb-4bit",
  "task": "joint",
  "total_samples": 407,
  "avg_accuracy": 0.8046683046683046,
  "avg_f1": 0.8009960945840777,
  "avg_invalid_prediction_rate": 0.0,
  "incivility": {
    "valid_samples": 407,
    "accuracy": 0.8157248157248157,
    "precision": 0.8151825751935734,
    "recall": 0.8157248157248157,
    "f1_score": 0.8150461783415475,
    "invalid_prediction_rate": 0.0,
    "confusion_matrix": [
      [
        0.8577586206896551,
        0.14224137931034483
      ],
      [
        0.24,
        0.76
      ]
    ]
  },
  "intolerance": {
    "valid_samples": 407,
    "accuracy": 0.7936117936117936,
    "precision": 0.7927574548264202,
    "recall": 0.7936117936117936,
    "f1_score": 0.7869460108266079,
    "invalid_prediction_rate": 0.0,
    "confusion_matrix": [
      [
        0.90234375,
        0.09765625
      ],
      [
        0.39072847682119205,
        0.609271523178808
      ]
    ]
  }
}