{
  "model": "unsloth/Qwen2.5-VL-7B-Instruct-unsloth-bnb-4bit",
  "task": "zero-shot",
  "total_samples": 407,
  "valid_samples": 407,
  "accuracy": 0.6756756756756757,
  "precision": 0.7260469030359108,
  "recall": 0.6756756756756757,
  "f1_score": 0.6820177005199032,
  "invalid_prediction_rate": 0.0,
  "confusion_matrix": [
    [
      0.6168582375478927,
      0.3831417624521073
    ],
    [
      0.2191780821917808,
      0.7808219178082192
    ]
  ]
}