{
  "model": "unsloth/llava-v1.6-mistral-7b-hf-bnb-4bit",
  "task": "zero-shot",
  "total_samples": 407,
  "valid_samples": 407,
  "accuracy": 0.6805896805896806,
  "precision": 0.6769430288098464,
  "recall": 0.6805896805896806,
  "f1_score": 0.6785015876166555,
  "invalid_prediction_rate": 0.0,
  "confusion_matrix": [
    [
      0.7662835249042146,
      0.23371647509578544
    ],
    [
      0.4726027397260274,
      0.5273972602739726
    ]
  ]
}