{
  "model": "unsloth/Qwen2.5-VL-7B-Instruct-unsloth-bnb-4bit",
  "task": "joint",
  "total_samples": 407,
  "valid_samples": 407,
  "accuracy": 0.7837837837837838,
  "precision": 0.7928364799334153,
  "recall": 0.7837837837837838,
  "f1_score": 0.7864066947732287,
  "invalid_prediction_rate": 0.0,
  "confusion_matrix": [
    [
      0.7931034482758621,
      0.20689655172413793
    ],
    [
      0.2328767123287671,
      0.7671232876712328
    ]
  ]
}