{
  "model": "unsloth/Qwen2.5-VL-7B-Instruct-unsloth-bnb-4bit",
  "task": "transfer",
  "total_samples": 407,
  "valid_samples": 407,
  "accuracy": 0.7493857493857494,
  "precision": 0.7557274517800833,
  "recall": 0.7493857493857494,
  "f1_score": 0.7516654091457241,
  "invalid_prediction_rate": 0.0,
  "confusion_matrix": [
    [
      0.7777777777777778,
      0.2222222222222222
    ],
    [
      0.3013698630136986,
      0.6986301369863014
    ]
  ]
}