{
  "model": "unsloth/llava-v1.6-mistral-7b-hf-bnb-4bit",
  "task": "base",
  "total_samples": 407,
  "valid_samples": 407,
  "accuracy": 0.7272727272727273,
  "precision": 0.7916603324212019,
  "recall": 0.7272727272727273,
  "f1_score": 0.6715999421881775,
  "invalid_prediction_rate": 0.0,
  "confusion_matrix": [
    [
      0.9923371647509579,
      0.007662835249042145
    ],
    [
      0.7465753424657534,
      0.2534246575342466
    ]
  ]
}