{
  "model": "unsloth/llava-v1.6-mistral-7b-hf-bnb-4bit",
  "task": "joint",
  "total_samples": 407,
  "valid_samples": 407,
  "accuracy": 0.7371007371007371,
  "precision": 0.7452850411967378,
  "recall": 0.7371007371007371,
  "f1_score": 0.7399075567488526,
  "invalid_prediction_rate": 0.0,
  "confusion_matrix": [
    [
      0.7624521072796935,
      0.23754789272030652
    ],
    [
      0.3082191780821918,
      0.6917808219178082
    ]
  ]
}