{
  "model": "unsloth/llava-v1.6-mistral-7b-hf-bnb-4bit",
  "task": "transfer",
  "total_samples": 407,
  "valid_samples": 407,
  "accuracy": 0.7248157248157249,
  "precision": 0.7190641054277419,
  "recall": 0.7248157248157249,
  "f1_score": 0.7044709044709044,
  "invalid_prediction_rate": 0.0,
  "confusion_matrix": [
    [
      0.896551724137931,
      0.10344827586206896
    ],
    [
      0.5821917808219178,
      0.4178082191780822
    ]
  ]
}