{
  "model": "unsloth/Qwen2.5-VL-7B-Instruct-unsloth-bnb-4bit",
  "task": "base",
  "total_samples": 407,
  "valid_samples": 407,
  "accuracy": 0.769041769041769,
  "precision": 0.7893794744541013,
  "recall": 0.769041769041769,
  "f1_score": 0.7441804472467609,
  "invalid_prediction_rate": 0.0,
  "confusion_matrix": [
    [
      0.9616858237547893,
      0.038314176245210725
    ],
    [
      0.5753424657534246,
      0.4246575342465753
    ]
  ]
}