{
  "label_hateful": {
    "train": 0.35352112676056335,
    "val": 0.3497536945812808,
    "test": 0.35872235872235875,
    "avg_drift_from_train": 0.004484332070538971
  },
  "label_incivility": {
    "train": 0.4415492957746479,
    "val": 0.43349753694581283,
    "test": 0.42997542997543,
    "avg_drift_from_train": 0.009812812314026503
  },
  "label_intolerance": {
    "train": 0.3704225352112676,
    "val": 0.3694581280788177,
    "test": 0.371007371007371,
    "avg_drift_from_train": 0.000774621464276648
  }
}